Musteri  ID;Ad;Soyad;Cinsiyet;Doðum Tarihi;Kayýt Tarihi;Iletisim ID;Adres ID;Harcama ID;Koordinat ID
12835;Raven;Patel;Erkek;6.01.1958;26.08.2022;1;1;1;1
64287;Erik;Tapia;Kadýn;3.09.1933;15.12.2021;2;2;2;2
27276;Sean;Williams;Erkek;28.09.1967;13.04.2020;3;3;3;3
37620;Carolyn;Wright;Erkek;7.11.1938;30.06.2022;4;4;4;4
18500;Dustin;Whitaker;Erkek;5.08.1933;24.04.2021;5;5;5;5
11511;Jose;Davis;Kadýn;1.11.1999;19.08.2022;6;6;6;6
88994;Timothy;Dorsey;Erkek;10.02.1968;15.12.2022;7;7;7;7
54389;Danielle;Martinez;Kadýn;26.12.1977;6.09.2021;8;8;8;8
28135;John;Martinez;Kadýn;26.07.1961;6.04.2023;9;9;9;9
32652;Sean;Klein;Kadýn;8.08.1967;8.05.2022;10;10;10;10
23292;John;Mcdowell;Kadýn;30.11.1972;23.05.2022;11;11;11;11
29913;Jessica;Joseph;Kadýn;27.09.1965;21.06.2021;12;12;12;12
22076;Jacob;Cox;Kadýn;17.09.1997;12.09.2020;13;13;13;13
65911;Diana;Grant;Erkek;9.01.2002;25.08.2021;14;14;14;14
24211;Marcus;Mckenzie;Erkek;10.07.1989;30.09.2023;15;15;15;15
53365;Matthew;Pineda;Erkek;2.12.1950;24.08.2022;16;16;16;16
92247;Mariah;Jones;Kadýn;8.03.1962;4.12.2021;17;17;17;17
60076;Sheila;Santos;Kadýn;13.02.1996;24.10.2023;18;18;18;18
27604;Samuel;Herman;Erkek;18.01.1979;27.09.2021;19;19;19;19
45404;Bailey;Martin;Erkek;25.04.2004;15.11.2022;20;20;20;20
79021;Taylor;Long;Kadýn;21.07.1936;27.03.2022;21;21;21;21
36999;Sherry;English;Kadýn;25.01.1999;28.07.2022;22;22;22;22
27243;Brittany;Cross;Kadýn;8.10.1941;11.05.2021;23;23;23;23
10678;Andrew;Keller;Erkek;27.10.1943;12.10.2023;24;24;24;24
72218;Christopher;Douglas;Kadýn;22.12.1983;17.09.2023;25;25;25;25
59723;Andrew;Jones;Kadýn;28.03.1992;31.05.2023;26;26;26;26
77830;Amy;Mueller;Erkek;8.10.1967;20.12.2022;27;27;27;27
82391;Wendy;Mclaughlin;Kadýn;11.09.1953;25.05.2022;28;28;28;28
53873;Jerry;Hubbard;Erkek;20.08.1937;26.10.2021;29;29;29;29
85837;Justin;Mooney;Erkek;30.12.1939;22.09.2020;30;30;30;30
77006;Eric;Gregory;Kadýn;27.06.1934;29.03.2021;31;31;31;31
53587;Ryan;Hart;Erkek;30.06.1953;4.12.2020;32;32;32;32
4061;Nathan;Brown;Erkek;8.02.1991;5.05.2022;33;33;33;33
43804;Julia;Peterson;Erkek;3.10.1956;4.01.2021;34;34;34;34
5406;April;Martin;Erkek;7.01.1939;15.08.2023;35;35;35;35
57495;Michelle;Gonzalez;Erkek;24.08.1990;7.07.2022;36;36;36;36
95211;Katrina;Cain;Erkek;24.07.1964;27.10.2020;37;37;37;37
75837;Kevin;Sweeney;Kadýn;22.02.1982;31.01.2021;38;38;38;38
51169;Morgan;Thomas;Erkek;4.10.1995;31.10.2021;39;39;39;39
12371;Dawn;Martinez;Kadýn;28.06.2005;22.07.2021;40;40;40;40
88263;Jason;Alexander;Erkek;24.01.1963;19.07.2020;41;41;41;41
20812;Rebecca;Ochoa;Kadýn;4.01.1992;6.03.2021;42;42;42;42
78848;Megan;White;Kadýn;20.07.1979;5.02.2021;43;43;43;43
21372;Gregory;Avila;Kadýn;13.09.1977;25.08.2021;44;44;44;44
65997;Elizabeth;Fox;Kadýn;10.05.1979;21.03.2021;45;45;45;45
27486;Zachary;Fleming;Kadýn;12.01.1944;10.04.2022;46;46;46;46
90660;Pamela;Reed;Kadýn;25.06.1957;4.07.2022;47;47;47;47
86759;Sean;Miller;Kadýn;21.08.1971;8.05.2023;48;48;48;48
28893;Angela;Matthews;Kadýn;6.11.1943;9.12.2020;49;49;49;49
31760;Margaret;Mcneil;Erkek;21.12.1951;21.01.2020;50;50;50;50
58346;Mark;Daniels;Erkek;8.03.1939;14.05.2020;51;51;51;51
25454;Vincent;Brandt;Erkek;22.03.1933;18.03.2023;52;52;52;52
15071;Toni;Ochoa;Kadýn;28.07.1963;1.02.2020;53;53;53;53
11286;Walter;Foster;Kadýn;13.06.1956;3.04.2020;54;54;54;54
64370;Renee;Foley;Kadýn;28.06.1949;20.07.2023;55;55;55;55
98707;Christina;Smith;Kadýn;31.05.1966;19.07.2023;56;56;56;56
19201;April;Phillips;Kadýn;15.09.1989;4.02.2020;57;57;57;57
94832;Ronald;Baker;Erkek;12.05.1992;22.11.2022;58;58;58;58
62539;David;Higgins;Kadýn;6.01.1979;30.12.2022;59;59;59;59
18163;Elizabeth;Morris;Erkek;15.06.2002;19.04.2020;60;60;60;60
90131;Nicholas;Smith;Erkek;1.06.1972;1.10.2020;61;61;61;61
35886;Dillon;Gomez;Erkek;7.01.1938;25.03.2021;62;62;62;62
84173;Erika;Clements;Kadýn;20.07.1950;9.03.2020;63;63;63;63
29129;Jamie;Goodwin;Erkek;15.05.1992;19.12.2020;64;64;64;64
12167;Derrick;Hall;Erkek;22.10.2003;4.07.2023;65;65;65;65
26284;Steven;Vargas;Erkek;13.01.1948;16.03.2022;66;66;66;66
29783;Elizabeth;Porter;Erkek;26.05.1964;20.12.2022;67;67;67;67
5559;Katelyn;Simpson;Erkek;16.03.1937;3.04.2021;68;68;68;68
22052;William;Salas;Kadýn;19.02.1982;12.01.2020;69;69;69;69
1884;Seth;Navarro;Erkek;20.04.2000;29.09.2021;70;70;70;70
13011;John;Alexander;Erkek;23.09.1939;5.11.2021;71;71;71;71
64067;David;Moore;Kadýn;9.04.1947;8.01.2023;72;72;72;72
91356;Kristen;Campbell;Kadýn;23.10.1991;11.12.2020;73;73;73;73
52514;Thomas;Mathews;Kadýn;23.08.1961;7.03.2022;74;74;74;74
26406;Jesse;Valdez;Erkek;25.04.1977;14.11.2023;75;75;75;75
84777;Gregory;Weiss;Erkek;15.10.1991;18.03.2023;76;76;76;76
92346;Shelby;Burns;Kadýn;14.12.1964;13.11.2023;77;77;77;77
65058;Charles;Taylor;Kadýn;4.05.1967;18.03.2022;78;78;78;78
50641;Vanessa;Rosales;Kadýn;26.10.1941;23.07.2021;79;79;79;79
17002;Ryan;Pennington;Kadýn;6.12.1940;29.11.2020;80;80;80;80
23565;Evan;Pacheco;Erkek;27.02.1961;27.04.2023;81;81;81;81
40419;Katelyn;Parsons;Erkek;23.06.1986;16.09.2022;82;82;82;82
40663;Cynthia;Hill;Erkek;26.12.1974;10.02.2020;83;83;83;83
77628;Christine;Harris;Erkek;4.10.1975;29.09.2023;84;84;84;84
81992;Philip;Gray;Kadýn;15.01.1957;15.05.2023;85;85;85;85
29838;Mary;Ross;Erkek;4.01.1952;21.06.2022;86;86;86;86
99473;Joshua;Cross;Kadýn;28.01.1953;23.05.2021;87;87;87;87
26642;Christopher;Willis;Kadýn;13.05.1941;8.06.2020;88;88;88;88
31427;Lauren;Gutierrez;Kadýn;5.07.1960;5.09.2021;89;89;89;89
78796;Deanna;Christian;Kadýn;4.09.2001;21.11.2022;90;90;90;90
67777;Kyle;Rodriguez;Kadýn;29.05.1953;15.09.2023;91;91;91;91
97835;Brian;Edwards;Erkek;27.10.1972;19.08.2022;92;92;92;92
4904;Gordon;Peterson;Erkek;8.07.1990;22.07.2023;93;93;93;93
72803;Javier;Hester;Kadýn;23.07.1963;6.01.2020;94;94;94;94
63080;Tony;Ford;Kadýn;25.06.2002;14.03.2022;95;95;95;95
54747;Stephanie;Wong;Erkek;27.06.1968;25.12.2021;96;96;96;96
32153;Brandon;Donaldson;Erkek;8.11.1958;4.09.2023;97;97;97;97
19653;Linda;Castro;Erkek;28.10.1943;20.09.2020;98;98;98;98
65408;Melissa;Klein;Kadýn;31.07.1957;12.02.2022;99;99;99;99
68405;Erica;Anderson;Erkek;30.12.1980;25.03.2022;100;100;100;100
90862;Jeffery;Greene;Kadýn;1.03.1981;22.08.2022;101;101;101;101
34320;Jennifer;Smith;Erkek;29.07.2000;28.05.2022;102;102;102;102
74050;Pedro;Jones;Kadýn;26.05.1991;26.12.2022;103;103;103;103
13571;Andre;Humphrey;Erkek;29.09.1933;1.03.2022;104;104;104;104
93521;Margaret;Martinez;Kadýn;11.06.1943;23.06.2021;105;105;105;105
51143;Timothy;White;Kadýn;3.11.1948;22.09.2023;106;106;106;106
54095;Mary;Mercado;Kadýn;27.07.1999;28.05.2023;107;107;107;107
815;Richard;Cole;Kadýn;16.07.2000;25.07.2020;108;108;108;108
55589;Matthew;Mcdonald;Erkek;26.06.1947;23.09.2021;109;109;109;109
1069;Ryan;Walker;Kadýn;3.05.1984;22.01.2022;110;110;110;110
62372;Sarah;Martin;Erkek;21.12.1999;28.11.2023;111;111;111;111
71591;Samantha;Vasquez;Kadýn;20.03.1936;3.09.2021;112;112;112;112
95935;Hannah;Friedman;Erkek;6.10.1939;5.08.2022;113;113;113;113
45744;Rhonda;Rivera;Kadýn;25.06.1984;26.08.2021;114;114;114;114
39186;Alicia;Mora;Erkek;25.01.1942;24.06.2021;115;115;115;115
17039;William;Gordon;Kadýn;13.08.2002;7.06.2021;116;116;116;116
58578;Michael;Harrison;Kadýn;19.11.1988;3.08.2023;117;117;117;117
11512;David;Ware;Kadýn;29.05.1940;12.07.2021;118;118;118;118
70312;Sara;Chavez;Erkek;23.11.1991;14.02.2023;119;119;119;119
20760;Martin;Hernandez;Erkek;25.02.1961;8.09.2022;120;120;120;120
48447;Austin;Vasquez;Kadýn;19.10.2000;26.10.2023;121;121;121;121
90586;Kevin;Gonzalez;Erkek;18.05.1948;10.02.2023;122;122;122;122
64183;Linda;Cruz;Kadýn;8.01.1971;10.04.2023;123;123;123;123
95221;Ashley;Mcfarland;Kadýn;15.05.1939;23.06.2022;124;124;124;124
94422;Kaitlyn;Aguilar;Erkek;11.10.1961;1.04.2021;125;125;125;125
18894;Erin;Bailey;Erkek;14.04.1987;25.05.2021;126;126;126;126
23989;Karen;Fox;Erkek;5.01.1957;16.09.2020;127;127;127;127
750;Fred;Harrington;Erkek;17.03.1935;25.11.2021;128;128;128;128
25849;Ashley;Tyler;Kadýn;26.04.1991;19.02.2020;129;129;129;129
13375;Melissa;Lowe;Erkek;21.07.1976;2.02.2022;130;130;130;130
68663;Catherine;Castillo;Kadýn;9.07.2003;14.02.2023;131;131;131;131
40692;Ronald;Stewart;Kadýn;22.04.1985;11.07.2021;132;132;132;132
86878;Martin;Robinson;Kadýn;23.02.1933;1.12.2023;133;133;133;133
3168;Matthew;Schroeder;Kadýn;11.09.1968;6.01.2022;134;134;134;134
66876;Ashley;Black;Kadýn;24.05.1976;2.05.2022;135;135;135;135
908;Justin;Campbell;Kadýn;12.01.1964;19.05.2021;136;136;136;136
96636;Cindy;Weaver;Erkek;23.05.2001;18.02.2020;137;137;137;137
97525;Jon;Anderson;Erkek;6.11.1998;29.03.2021;138;138;138;138
19376;Michael;Murray;Kadýn;1.05.1938;30.12.2022;139;139;139;139
47571;Mary;Jackson;Erkek;6.10.1991;13.08.2020;140;140;140;140
12813;Jennifer;Gutierrez;Erkek;10.05.2002;13.04.2020;141;141;141;141
45923;Jody;Copeland;Erkek;15.06.1992;30.03.2022;142;142;142;142
47721;Aaron;Anderson;Erkek;10.10.1983;28.05.2021;143;143;143;143
80605;Joshua;Jenkins;Kadýn;24.05.1963;14.12.2020;144;144;144;144
91021;David;Campbell;Erkek;18.01.2002;13.10.2023;145;145;145;145
44798;Daniel;Finley;Kadýn;18.12.1965;7.04.2021;146;146;146;146
53947;Kaitlyn;Ross;Erkek;3.08.1936;26.03.2021;147;147;147;147
45469;Bradley;Wright;Kadýn;19.03.1970;1.04.2022;148;148;148;148
41654;Anne;Gallagher;Kadýn;21.10.1983;12.11.2022;149;149;149;149
77587;Roy;Tran;Kadýn;7.06.1961;15.03.2023;150;150;150;150
22219;Jesse;Hodges;Erkek;29.03.1962;17.06.2021;151;151;151;151
60;Crystal;Pugh;Kadýn;11.10.1995;18.11.2022;152;152;152;152
73467;Douglas;Bailey;Erkek;5.09.1954;12.01.2022;153;153;153;153
33814;Nicole;Allen;Erkek;30.05.1989;20.11.2021;154;154;154;154
34889;Jeffrey;Contreras;Erkek;21.05.2002;17.04.2020;155;155;155;155
53258;Kimberly;Johnson;Erkek;9.02.1998;24.12.2021;156;156;156;156
33198;Dillon;Turner;Erkek;27.07.1938;5.11.2020;157;157;157;157
52422;Joe;Singh;Kadýn;14.09.1964;29.10.2023;158;158;158;158
34218;Kenneth;Brown;Erkek;17.12.1997;9.12.2023;159;159;159;159
30132;Kristi;Stevens;Erkek;15.12.1953;6.09.2020;160;160;160;160
84656;Benjamin;Oconnor;Kadýn;3.06.1954;20.11.2020;161;161;161;161
58811;Matthew;Castillo;Kadýn;25.12.1945;5.03.2023;162;162;162;162
27188;Sean;Cannon;Kadýn;19.04.1993;25.06.2023;163;163;163;163
36969;Rebecca;Vega;Erkek;31.01.1953;5.07.2020;164;164;164;164
73744;Carmen;Wade;Kadýn;7.08.1996;5.08.2023;165;165;165;165
81559;Jennifer;Becker;Kadýn;22.12.1948;27.04.2021;166;166;166;166
72326;Juan;Phillips;Kadýn;2.02.1993;7.05.2023;167;167;167;167
2302;Nancy;Kidd;Kadýn;12.11.1994;7.10.2020;168;168;168;168
23185;Mary;Martinez;Erkek;6.06.1979;16.03.2023;169;169;169;169
77606;Elizabeth;Silva;Kadýn;4.10.2005;30.07.2022;170;170;170;170
25066;Kelly;Berger;Erkek;20.03.1942;11.05.2021;171;171;171;171
3047;Daniel;Mendez;Kadýn;10.11.1962;2.02.2020;172;172;172;172
48898;Amanda;Wong;Kadýn;20.01.2005;7.08.2021;173;173;173;173
79550;David;Campbell;Kadýn;22.07.1989;8.05.2023;174;174;174;174
34908;Caleb;Austin;Erkek;4.03.1967;3.10.2023;175;175;175;175
84860;Peter;Walls;Erkek;22.03.1981;27.03.2020;176;176;176;176
38263;Meagan;Henry;Erkek;7.09.1948;5.12.2023;177;177;177;177
50645;Valerie;Burke;Kadýn;10.12.1948;17.12.2021;178;178;178;178
38885;Angela;Hernandez;Erkek;14.08.1952;26.03.2021;179;179;179;179
84302;Jerry;Moses;Kadýn;19.05.1934;26.06.2022;180;180;180;180
78493;Stephanie;Thompson;Erkek;8.02.1951;2.07.2021;181;181;181;181
41639;Brian;Hicks;Erkek;25.04.1987;5.09.2021;182;182;182;182
85901;Lisa;Marks;Kadýn;31.12.1994;6.02.2021;183;183;183;183
4222;Ryan;Bailey;Erkek;19.10.1938;28.05.2021;184;184;184;184
95329;Joshua;Lopez;Kadýn;24.11.2004;8.03.2020;185;185;185;185
78524;Kyle;Murphy;Kadýn;1.04.1981;4.06.2020;186;186;186;186
68697;Angie;Fuentes;Kadýn;13.01.1993;1.03.2023;187;187;187;187
74373;Timothy;Decker;Kadýn;4.04.1985;23.10.2023;188;188;188;188
77443;Sean;Gutierrez;Kadýn;9.05.1955;19.11.2022;189;189;189;189
76124;Steven;Nguyen;Kadýn;26.04.2002;20.10.2021;190;190;190;190
22421;Kristen;West;Erkek;5.12.1996;9.05.2020;191;191;191;191
69748;Christine;Harris;Erkek;10.02.1967;2.11.2023;192;192;192;192
11143;Kelsey;Copeland;Kadýn;23.02.1970;22.01.2022;193;193;193;193
40273;Melissa;Underwood;Kadýn;6.05.1934;25.09.2021;194;194;194;194
87081;Peter;Erickson;Erkek;24.04.1955;1.09.2020;195;195;195;195
20642;Gary;Smith;Kadýn;25.05.2003;24.03.2020;196;196;196;196
13839;Christopher;Nash;Kadýn;12.08.1938;12.01.2020;197;197;197;197
54592;Nicole;Hardin;Kadýn;1.03.1980;2.09.2021;198;198;198;198
93055;Michael;Bond;Kadýn;23.12.1986;5.10.2020;199;199;199;199
71308;Benjamin;Sanchez;Erkek;20.11.1962;30.10.2023;200;200;200;200
89316;Karen;Long;Kadýn;7.07.1935;4.04.2021;201;201;201;201
5311;Jennifer;Mcguire;Kadýn;8.11.1985;25.07.2022;202;202;202;202
12806;Lynn;Anderson;Kadýn;15.02.1955;11.09.2020;203;203;203;203
78528;Dawn;Smith;Erkek;27.11.1966;4.12.2021;204;204;204;204
6788;Christina;Cole;Erkek;26.02.1992;24.01.2020;205;205;205;205
49545;Victoria;Acosta;Kadýn;21.12.1978;19.04.2021;206;206;206;206
2651;Anthony;Scott;Erkek;11.04.1959;17.09.2021;207;207;207;207
1327;Barbara;Woods;Kadýn;11.01.1935;19.02.2020;208;208;208;208
19125;Ashley;Mcdonald;Kadýn;14.08.1941;30.09.2020;209;209;209;209
2724;Mark;Bennett;Kadýn;31.07.2001;3.08.2022;210;210;210;210
28728;Jessica;Humphrey;Kadýn;9.06.1987;21.01.2022;211;211;211;211
46843;Michelle;Mcdaniel;Erkek;18.04.1943;25.11.2022;212;212;212;212
94295;Glenn;Figueroa;Kadýn;23.05.1942;19.07.2023;213;213;213;213
25627;Michael;Guzman;Erkek;2.10.1988;26.07.2022;214;214;214;214
16508;Theresa;Townsend;Erkek;23.05.2000;11.04.2020;215;215;215;215
51250;Kyle;Wilkerson;Erkek;6.12.1988;19.01.2021;216;216;216;216
23351;Samantha;Diaz;Kadýn;18.02.1960;10.08.2021;217;217;217;217
89029;Daniel;Brown;Erkek;1.03.1961;24.02.2023;218;218;218;218
1123;Sarah;Mills;Kadýn;14.10.1992;7.01.2022;219;219;219;219
66938;Nicholas;Zimmerman;Erkek;2.03.2005;16.11.2023;220;220;220;220
66376;Ricardo;Hanson;Erkek;17.04.1946;19.09.2021;221;221;221;221
63631;Kristen;Morse;Kadýn;29.06.1947;14.08.2022;222;222;222;222
48648;Michelle;Mayo;Kadýn;15.04.1985;21.05.2022;223;223;223;223
30715;Jessica;Wallace;Kadýn;13.10.1957;14.06.2022;224;224;224;224
30124;Robyn;Williams;Erkek;18.01.1984;31.12.2020;225;225;225;225
13858;Brad;Acosta;Kadýn;13.09.1957;23.05.2023;226;226;226;226
58785;Autumn;Reyes;Kadýn;13.04.1936;24.11.2023;227;227;227;227
58666;Rebecca;Kirby;Kadýn;19.11.2003;7.01.2022;228;228;228;228
55304;Shane;Wilson;Erkek;13.06.2002;27.07.2023;229;229;229;229
230;Amanda;Salazar;Erkek;30.08.1953;8.06.2022;230;230;230;230
54282;Richard;House;Kadýn;26.03.1974;18.08.2022;231;231;231;231
89181;Alexis;Hansen;Erkek;1.11.1954;13.01.2023;232;232;232;232
69403;Michael;Mitchell;Kadýn;31.08.1938;27.03.2023;233;233;233;233
37201;Laura;Peterson;Kadýn;3.02.1988;19.08.2020;234;234;234;234
50814;Angela;Wilson;Erkek;8.03.1953;16.01.2021;235;235;235;235
9386;Denise;Black;Kadýn;4.01.1965;18.03.2023;236;236;236;236
30321;Brandon;Swanson;Erkek;11.11.1935;11.11.2020;237;237;237;237
42941;Lori;Goodman;Erkek;28.11.1936;19.01.2022;238;238;238;238
73023;Lydia;Newman;Kadýn;1.11.1982;26.07.2020;239;239;239;239
12701;Scott;Murphy;Erkek;1.10.2005;12.04.2022;240;240;240;240
65777;Matthew;Thompson;Kadýn;5.03.1993;3.04.2023;241;241;241;241
47457;Kelly;Obrien;Kadýn;29.12.1981;10.01.2023;242;242;242;242
76895;Laura;Ibarra;Kadýn;31.10.1949;8.08.2020;243;243;243;243
3998;Michelle;Fuller;Kadýn;20.11.1970;2.10.2023;244;244;244;244
59087;Brian;Robinson;Erkek;10.12.1974;22.06.2020;245;245;245;245
50482;Nathan;Cameron;Kadýn;9.10.1994;3.02.2021;246;246;246;246
45893;John;Davis;Kadýn;3.03.1984;4.12.2021;247;247;247;247
61759;Matthew;Roman;Kadýn;10.12.1990;12.07.2020;248;248;248;248
31211;Lisa;Campbell;Erkek;20.12.1980;19.01.2021;249;249;249;249
62571;Alexis;Williams;Erkek;4.11.1949;2.06.2021;250;250;250;250
77795;Daniel;Smith;Erkek;5.10.1942;21.06.2023;251;251;251;251
7322;Katherine;Davenport;Kadýn;23.11.1949;2.04.2023;252;252;252;252
88127;Robert;Williams;Erkek;24.10.1990;5.08.2022;253;253;253;253
16762;Barbara;Brooks;Erkek;17.06.1973;7.11.2022;254;254;254;254
15056;Alexis;Hill;Erkek;15.11.1997;22.08.2021;255;255;255;255
70252;Michael;Reyes;Erkek;16.03.1997;4.07.2021;256;256;256;256
90497;Melody;Garcia;Erkek;12.11.1941;13.09.2023;257;257;257;257
91894;Patrick;Walker;Kadýn;17.11.1959;23.06.2020;258;258;258;258
94251;Nancy;Bright;Erkek;20.03.1981;22.03.2021;259;259;259;259
81969;Kathleen;Sanchez;Kadýn;21.12.1990;21.06.2021;260;260;260;260
44055;Michelle;Turner;Erkek;5.03.1954;11.04.2021;261;261;261;261
346;Mark;Cannon;Kadýn;27.08.1954;30.09.2021;262;262;262;262
91065;Robert;Prince;Erkek;9.03.1973;28.04.2023;263;263;263;263
8718;Emily;Whitaker;Kadýn;2.03.1991;6.07.2021;264;264;264;264
51161;Ann;Preston;Erkek;27.01.1955;1.04.2021;265;265;265;265
95503;Jason;Cooley;Kadýn;3.12.1944;27.12.2021;266;266;266;266
56917;Rebecca;Lee;Erkek;4.06.1973;6.10.2022;267;267;267;267
68761;Christopher;Kelly;Kadýn;23.11.1951;21.04.2020;268;268;268;268
13232;Michael;Craig;Kadýn;24.11.2005;20.05.2020;269;269;269;269
52968;Angel;Gutierrez;Erkek;31.01.1948;24.04.2020;270;270;270;270
20170;Nicholas;Johnson;Erkek;7.04.1995;24.05.2021;271;271;271;271
93976;Mary;Jackson;Erkek;16.12.1962;3.09.2022;272;272;272;272
21157;Holly;Ortega;Kadýn;26.11.1943;25.08.2020;273;273;273;273
51749;Christina;Brown;Kadýn;29.07.1999;11.07.2022;274;274;274;274
84202;Jeffrey;Neal;Kadýn;25.03.1949;3.02.2023;275;275;275;275
11054;David;Carter;Kadýn;17.11.1947;22.05.2023;276;276;276;276
65240;Laurie;Patterson;Kadýn;5.01.1951;4.03.2023;277;277;277;277
58024;Thomas;Mitchell;Kadýn;18.03.1994;7.06.2022;278;278;278;278
73488;Jaime;Goodman;Erkek;24.06.1979;28.03.2020;279;279;279;279
44710;Jonathan;Griffin;Kadýn;4.08.1944;5.01.2020;280;280;280;280
27630;Kimberly;Simmons;Kadýn;14.09.1933;31.05.2023;281;281;281;281
99660;Tonya;Allen;Kadýn;6.06.1976;22.01.2023;282;282;282;282
52884;Tammy;Patterson;Kadýn;1.07.1973;23.07.2023;283;283;283;283
82939;Dana;Gonzales;Kadýn;8.02.1970;8.07.2021;284;284;284;284
38626;Russell;Gonzalez;Kadýn;6.09.1934;5.05.2020;285;285;285;285
64035;Jean;Shepard;Erkek;21.11.2004;6.12.2021;286;286;286;286
19650;Charles;Wang;Kadýn;10.07.2003;27.04.2021;287;287;287;287
74402;Laurie;Peters;Kadýn;6.07.1959;21.02.2021;288;288;288;288
50703;Amber;Roberts;Erkek;7.05.2002;17.09.2023;289;289;289;289
25102;Paul;Alexander;Erkek;13.09.1996;9.09.2022;290;290;290;290
39150;Sarah;Barnes;Kadýn;16.07.1996;28.01.2022;291;291;291;291
59668;Matthew;Chavez;Erkek;19.10.2000;11.11.2020;292;292;292;292
34373;Deborah;Myers;Erkek;28.02.1946;23.11.2021;293;293;293;293
69851;Jesse;Hodges;Erkek;24.02.1974;15.04.2020;294;294;294;294
65128;Whitney;Mcguire;Kadýn;27.11.1991;15.06.2023;295;295;295;295
39425;Lawrence;Montgomery;Erkek;3.07.1984;26.09.2021;296;296;296;296
2750;Jeremiah;Jackson;Kadýn;20.09.1987;10.08.2021;297;297;297;297
50132;Shawn;Khan;Kadýn;24.09.2001;23.10.2020;298;298;298;298
76449;Elizabeth;Johnson;Kadýn;20.11.2001;12.04.2020;299;299;299;299
97590;Kelly;Chavez;Erkek;18.12.1936;12.03.2023;300;300;300;300
34401;Lynn;Strong;Erkek;1.05.1946;5.02.2020;301;301;301;301
40989;Donald;Ruiz;Erkek;28.03.1935;1.03.2022;302;302;302;302
85706;Donald;Reed;Kadýn;29.04.1977;4.03.2020;303;303;303;303
83311;Alyssa;Hughes;Erkek;9.09.1965;14.11.2020;304;304;304;304
2543;James;Wright;Kadýn;25.10.1999;14.12.2022;305;305;305;305
93436;Steve;Calderon;Erkek;12.02.1969;17.08.2020;306;306;306;306
37447;Adrienne;Johnson;Kadýn;10.08.1936;13.09.2020;307;307;307;307
25287;William;Mendez;Erkek;19.12.1952;15.02.2020;308;308;308;308
74962;Shawn;Sanders;Erkek;30.11.1939;2.12.2020;309;309;309;309
40315;Katherine;Hernandez;Kadýn;9.02.1954;11.02.2023;310;310;310;310
51318;Kim;Thomas;Erkek;20.11.1978;14.04.2023;311;311;311;311
51940;Regina;Hansen;Erkek;26.03.1998;17.05.2021;312;312;312;312
9322;Jennifer;Payne;Kadýn;29.05.1986;5.04.2023;313;313;313;313
91831;Robert;Perkins;Erkek;7.09.1937;14.07.2023;314;314;314;314
23511;Becky;Hernandez;Kadýn;21.09.1980;18.02.2021;315;315;315;315
64332;Whitney;Harris;Kadýn;5.06.1944;12.09.2021;316;316;316;316
34554;Robert;Watts;Kadýn;18.08.1954;22.11.2023;317;317;317;317
27365;Rebecca;Powell;Kadýn;25.07.1993;22.06.2022;318;318;318;318
58800;Ashley;Green;Kadýn;17.10.2004;14.02.2020;319;319;319;319
71441;Tammy;Turner;Kadýn;21.02.2004;7.09.2022;320;320;320;320
42577;Jeremy;Murphy;Erkek;27.06.1933;7.11.2022;321;321;321;321
95737;Roy;Jones;Kadýn;28.10.1975;23.07.2020;322;322;322;322
37960;Joseph;Steele;Erkek;29.07.1978;2.02.2023;323;323;323;323
93844;Jay;Espinoza;Kadýn;11.11.1995;20.08.2021;324;324;324;324
92227;Allison;Sanchez;Erkek;2.04.1976;6.01.2020;325;325;325;325
45071;Justin;Park;Erkek;5.07.1973;17.10.2020;326;326;326;326
71087;David;Daniels;Kadýn;23.02.1986;30.01.2022;327;327;327;327
29928;Stephanie;Malone;Kadýn;19.12.1943;21.03.2022;328;328;328;328
25114;Joshua;Reed;Kadýn;21.05.1996;4.02.2023;329;329;329;329
73157;Terri;Martin;Kadýn;14.09.1940;15.12.2023;330;330;330;330
68506;David;Mason;Erkek;16.11.1970;9.03.2020;331;331;331;331
60015;William;Bird;Erkek;19.03.1947;13.08.2022;332;332;332;332
60659;Katherine;Clark;Erkek;25.12.1954;15.04.2023;333;333;333;333
79480;Jacob;Hamilton;Erkek;27.11.1994;29.07.2021;334;334;334;334
35593;Brian;Daugherty;Erkek;19.02.1941;2.07.2020;335;335;335;335
77207;Melissa;Roberts;Erkek;24.01.1941;11.05.2022;336;336;336;336
99044;Scott;Graves;Kadýn;30.10.2005;31.08.2021;337;337;337;337
11607;Justin;Perez;Kadýn;2.08.1981;23.03.2023;338;338;338;338
20923;Mark;Taylor;Erkek;11.09.1979;24.11.2023;339;339;339;339
1085;Anna;Lane;Erkek;14.09.1992;18.04.2020;340;340;340;340
63648;Rachel;Graham;Erkek;13.10.2005;4.09.2020;341;341;341;341
31029;Allen;Howard;Kadýn;1.07.1951;1.02.2020;342;342;342;342
11350;Mark;Jones;Kadýn;29.11.1952;29.08.2022;343;343;343;343
38200;Ruth;Hancock;Kadýn;20.06.1977;23.02.2020;344;344;344;344
13353;Lauren;Fuentes;Kadýn;27.10.1939;6.06.2023;345;345;345;345
7440;Sheila;Woods;Kadýn;27.09.1996;26.11.2020;346;346;346;346
98224;Jessica;Gilbert;Erkek;9.02.1987;13.04.2021;347;347;347;347
14388;Jonathan;Gomez;Erkek;19.06.1972;23.01.2020;348;348;348;348
98294;Lisa;Smith;Kadýn;16.06.1974;13.02.2022;349;349;349;349
86860;David;Shannon;Erkek;8.01.1962;3.01.2022;350;350;350;350
98672;Jared;Andrews;Kadýn;13.10.1974;19.08.2022;351;351;351;351
81523;Jesse;Anderson;Kadýn;26.09.1987;24.02.2020;352;352;352;352
6088;Carrie;Brown;Erkek;16.12.1961;27.12.2022;353;353;353;353
10294;Sharon;Jones;Erkek;28.05.1996;16.08.2022;354;354;354;354
6202;Michelle;King;Erkek;31.12.1964;27.06.2023;355;355;355;355
35709;Michelle;Chavez;Erkek;22.05.2002;1.04.2020;356;356;356;356
44811;Derek;Morton;Kadýn;5.10.1976;29.03.2021;357;357;357;357
13738;Kevin;Brown;Erkek;7.12.1957;14.07.2020;358;358;358;358
24196;Jose;Bennett;Erkek;7.12.1953;20.04.2021;359;359;359;359
77953;David;Curtis;Erkek;25.07.1997;11.05.2023;360;360;360;360
2518;Michelle;Brennan;Erkek;29.07.1979;28.07.2021;361;361;361;361
94296;Justin;Davis;Erkek;10.11.2001;15.02.2022;362;362;362;362
49811;Monica;Wagner;Kadýn;2.11.1978;1.12.2021;363;363;363;363
56862;James;Hernandez;Erkek;31.08.1977;28.03.2021;364;364;364;364
33130;Meredith;Schneider;Erkek;2.09.1958;21.01.2022;365;365;365;365
42337;Franklin;Burgess;Kadýn;20.02.1942;31.03.2022;366;366;366;366
99609;Rhonda;Jones;Kadýn;8.07.1957;25.07.2022;367;367;367;367
14516;Martin;Wright;Kadýn;5.11.1947;8.07.2021;368;368;368;368
79616;Rebecca;Green;Kadýn;31.10.1972;20.09.2023;369;369;369;369
7113;Patricia;Phillips;Erkek;8.05.1949;9.09.2022;370;370;370;370
85266;Linda;Moon;Kadýn;13.05.1975;11.11.2020;371;371;371;371
77434;Monica;Nelson;Kadýn;7.03.1999;3.05.2022;372;372;372;372
12625;Johnathan;Franco;Kadýn;26.05.2001;5.01.2023;373;373;373;373
58820;Kimberly;Barnes;Erkek;21.04.1938;16.12.2023;374;374;374;374
96067;Juan;Torres;Kadýn;29.03.1945;10.02.2023;375;375;375;375
46952;Stephanie;Murphy;Erkek;19.06.1970;7.11.2022;376;376;376;376
88466;Zachary;Schultz;Erkek;8.06.1939;7.08.2022;377;377;377;377
22167;James;Carter;Kadýn;7.06.1946;25.01.2022;378;378;378;378
16236;Robert;Winters;Erkek;28.10.1998;5.01.2022;379;379;379;379
52048;Katrina;Jenkins;Erkek;25.04.1945;26.09.2020;380;380;380;380
11406;Carolyn;Ware;Erkek;7.03.1934;8.06.2021;381;381;381;381
48218;Michelle;Dennis;Erkek;13.03.1960;18.08.2021;382;382;382;382
3138;Tommy;Sparks;Kadýn;1.10.1941;26.05.2022;383;383;383;383
79531;Kim;Walter;Kadýn;25.12.1986;20.11.2022;384;384;384;384
31688;Tiffany;Mckinney;Kadýn;26.03.1991;5.03.2022;385;385;385;385
10950;Rebecca;Smith;Kadýn;11.05.1941;11.04.2020;386;386;386;386
11753;Chad;Neal;Erkek;22.02.1996;4.06.2022;387;387;387;387
22930;Michelle;Hudson;Kadýn;17.06.1999;7.07.2021;388;388;388;388
99608;Sarah;Johnson;Erkek;31.12.1949;18.12.2021;389;389;389;389
71866;Michele;Scott;Kadýn;13.05.1966;15.03.2021;390;390;390;390
36220;Kathleen;Zimmerman;Erkek;27.05.1959;14.04.2021;391;391;391;391
28782;Tyler;Page;Erkek;24.06.1990;14.05.2022;392;392;392;392
31170;Lauren;Reid;Erkek;28.03.1967;14.04.2022;393;393;393;393
53482;Rebecca;Booker;Kadýn;25.04.1933;24.04.2023;394;394;394;394
24619;Bonnie;Silva;Erkek;11.12.2001;31.07.2020;395;395;395;395
45087;Patty;Mooney;Erkek;13.04.1945;25.04.2021;396;396;396;396
98594;Christina;Stanton;Kadýn;3.02.1956;23.10.2023;397;397;397;397
66258;Jeffrey;Watson;Erkek;19.09.1971;24.06.2023;398;398;398;398
76055;Lisa;Jones;Kadýn;22.04.1978;19.10.2021;399;399;399;399
21959;Amanda;Foster;Erkek;15.11.1985;9.01.2023;400;400;400;400
47714;Jacqueline;Maddox;Erkek;6.07.1984;16.07.2023;401;401;401;401
87818;Jessica;Cortez;Erkek;15.05.1955;1.10.2020;402;402;402;402
24590;Derek;Nelson;Erkek;14.03.1934;3.01.2023;403;403;403;403
50772;John;Rowe;Kadýn;17.01.1968;17.07.2021;404;404;404;404
97910;Terri;Cruz;Kadýn;18.04.1989;20.11.2021;405;405;405;405
53239;Julie;Moon;Erkek;27.10.1957;12.01.2021;406;406;406;406
67489;Joseph;Hahn;Erkek;28.04.1966;12.03.2021;407;407;407;407
92870;Valerie;Cooper;Kadýn;6.04.1946;14.10.2021;408;408;408;408
80187;Michele;Willis;Erkek;8.12.1984;21.01.2020;409;409;409;409
70378;Juan;Nguyen;Erkek;24.10.1982;31.10.2021;410;410;410;410
80459;Jonathan;Larson;Kadýn;2.06.2005;4.08.2022;411;411;411;411
20997;John;Bell;Erkek;18.08.1949;23.06.2022;412;412;412;412
9298;Timothy;Harrington;Kadýn;8.11.1941;11.08.2023;413;413;413;413
46241;Evan;West;Kadýn;26.02.1961;8.05.2022;414;414;414;414
71575;Rebecca;Warner;Kadýn;4.09.1936;12.08.2021;415;415;415;415
87069;Kristina;Berg;Erkek;5.01.2001;8.03.2020;416;416;416;416
60985;James;Brooks;Kadýn;30.11.1992;26.03.2021;417;417;417;417
79022;Andrea;Bray;Kadýn;24.11.1971;17.03.2023;418;418;418;418
44203;Marcus;Williams;Erkek;2.02.1964;14.07.2022;419;419;419;419
66631;Elizabeth;Bridges;Kadýn;26.12.1979;15.05.2023;420;420;420;420
87721;Phillip;Wilson;Kadýn;15.01.1956;21.05.2021;421;421;421;421
9357;Michelle;Davis;Erkek;13.01.1946;22.01.2021;422;422;422;422
1476;Connie;Lewis;Erkek;26.03.1953;22.04.2021;423;423;423;423
66400;David;Kennedy;Kadýn;12.10.1934;17.02.2020;424;424;424;424
52117;Jessica;Hernandez;Kadýn;5.07.1992;23.02.2020;425;425;425;425
90630;George;Barnes;Kadýn;29.07.1961;2.08.2021;426;426;426;426
98340;Fernando;Frye;Kadýn;5.04.1999;22.01.2023;427;427;427;427
91354;Maria;Wallace;Kadýn;18.01.1992;22.08.2020;428;428;428;428
95382;Kimberly;Simpson;Kadýn;26.02.1950;20.11.2022;429;429;429;429
19833;Michael;Bauer;Erkek;26.10.2003;30.01.2020;430;430;430;430
96034;Jesse;Mack;Kadýn;30.12.1977;10.01.2023;431;431;431;431
27251;Joseph;Moreno;Kadýn;25.05.1972;3.08.2021;432;432;432;432
56205;Michael;Christian;Kadýn;17.03.1984;27.01.2023;433;433;433;433
5050;Christopher;Bauer;Kadýn;11.02.1983;24.11.2023;434;434;434;434
65528;Larry;Barajas;Kadýn;7.11.1965;26.05.2023;435;435;435;435
77698;Joyce;Miller;Kadýn;19.02.1964;26.09.2022;436;436;436;436
63018;Mike;Madden;Kadýn;6.07.2004;10.02.2020;437;437;437;437
19544;Laura;Mccarthy;Kadýn;19.05.1942;31.10.2020;438;438;438;438
45512;Bradley;Palmer;Kadýn;13.05.1997;10.11.2020;439;439;439;439
35540;Misty;Baker;Erkek;17.01.2005;16.11.2023;440;440;440;440
76785;Jessica;Garza;Erkek;28.08.1964;4.11.2020;441;441;441;441
26156;Diana;Payne;Kadýn;7.12.1967;10.07.2023;442;442;442;442
48295;Julie;Campbell;Kadýn;15.08.1979;10.03.2020;443;443;443;443
20417;Anthony;Vazquez;Kadýn;24.08.2002;5.06.2021;444;444;444;444
45323;Michael;King;Erkek;22.06.1933;20.04.2022;445;445;445;445
98428;Penny;Cruz;Erkek;28.11.1985;10.09.2023;446;446;446;446
91560;Jason;Williams;Erkek;3.12.1956;13.05.2020;447;447;447;447
51406;Frederick;Clark;Erkek;9.03.1945;13.06.2021;448;448;448;448
58310;Barbara;Sweeney;Erkek;24.11.1946;6.09.2022;449;449;449;449
26614;Jacob;Dickson;Kadýn;27.11.1963;11.09.2022;450;450;450;450
94331;Kelly;Sharp;Erkek;24.03.1941;17.09.2020;451;451;451;451
66428;Rebecca;Boyd;Erkek;4.02.1960;11.06.2022;452;452;452;452
54304;Felicia;Foster;Kadýn;31.05.1952;28.07.2021;453;453;453;453
59873;Timothy;Hunter;Erkek;30.06.1938;7.04.2021;454;454;454;454
70913;Kenneth;Gillespie;Erkek;24.07.1945;17.03.2021;455;455;455;455
52703;Amanda;Barker;Erkek;12.04.1974;2.04.2022;456;456;456;456
38313;John;Stewart;Erkek;2.07.1989;10.02.2023;457;457;457;457
43766;Stephanie;Jones;Erkek;15.05.1936;10.04.2020;458;458;458;458
57037;Patrick;Swanson;Kadýn;11.01.1942;11.05.2021;459;459;459;459
1989;Cody;Farmer;Erkek;5.09.1956;19.03.2020;460;460;460;460
78270;Daniel;Johnson;Erkek;13.12.1995;25.10.2021;461;461;461;461
91703;Brooke;Freeman;Erkek;5.10.1996;4.11.2023;462;462;462;462
99011;Ashley;Barnes;Erkek;9.01.1977;16.04.2023;463;463;463;463
21222;Amy;Chang;Erkek;10.09.1984;24.11.2021;464;464;464;464
2527;Carlos;Morton;Erkek;13.01.1968;31.07.2020;465;465;465;465
52507;Cindy;Frazier;Erkek;31.07.1958;7.01.2020;466;466;466;466
81728;Janet;Carter;Kadýn;6.04.1956;16.03.2020;467;467;467;467
58469;Lauren;Gonzales;Erkek;27.08.1952;4.06.2023;468;468;468;468
85601;Linda;Williams;Kadýn;25.02.1936;8.10.2020;469;469;469;469
86560;Cindy;Green;Erkek;2.02.1940;30.10.2022;470;470;470;470
37940;Jeffrey;Thomas;Erkek;31.07.1961;4.05.2021;471;471;471;471
70912;Tracy;Garcia;Erkek;28.01.2003;26.07.2021;472;472;472;472
61172;Nicholas;Avila;Kadýn;11.06.1975;10.09.2023;473;473;473;473
64106;Joshua;Roy;Erkek;14.10.1964;28.07.2023;474;474;474;474
1600;Daniel;Shaw;Erkek;11.11.1978;7.07.2021;475;475;475;475
63658;Alison;Chapman;Kadýn;2.04.1989;29.08.2022;476;476;476;476
13210;Susan;Yu;Kadýn;27.06.1938;17.08.2023;477;477;477;477
5219;Andrea;Garcia;Erkek;26.11.2005;4.10.2023;478;478;478;478
26983;Anna;Johnston;Kadýn;12.11.1940;20.02.2023;479;479;479;479
42733;Jesse;Jimenez;Kadýn;13.07.1935;6.01.2023;480;480;480;480
65502;Micheal;Jones;Kadýn;26.09.2001;17.09.2021;481;481;481;481
76173;Dwayne;Moore;Erkek;12.05.1953;30.01.2022;482;482;482;482
165;Mario;Ramirez;Erkek;30.09.1990;21.07.2021;483;483;483;483
2384;Allison;Pena;Kadýn;25.09.1941;14.11.2021;484;484;484;484
10357;Kelly;Aguilar;Kadýn;11.11.1994;26.04.2022;485;485;485;485
67657;Rebecca;Benitez;Erkek;6.02.1937;22.11.2020;486;486;486;486
43760;Gregory;Ruiz;Kadýn;22.06.1976;29.01.2021;487;487;487;487
27652;Holly;Stein;Erkek;23.07.1976;27.02.2021;488;488;488;488
47080;Alexis;Crawford;Erkek;19.02.1965;5.01.2021;489;489;489;489
64195;Debbie;Nelson;Kadýn;2.05.1954;7.02.2023;490;490;490;490
16126;Danielle;Patterson;Erkek;29.06.1961;17.01.2022;491;491;491;491
9849;Susan;Martinez;Kadýn;12.10.1996;24.02.2021;492;492;492;492
53083;Patricia;Jacobson;Erkek;5.09.1990;30.09.2020;493;493;493;493
15663;Tanner;Fisher;Kadýn;18.11.1968;6.11.2021;494;494;494;494
71918;Douglas;Coffey;Erkek;22.12.1955;27.08.2023;495;495;495;495
47867;Scott;Coleman;Erkek;26.02.1982;2.01.2022;496;496;496;496
32644;Kimberly;Smith;Kadýn;18.08.1986;21.04.2021;497;497;497;497
28867;Michael;Valdez;Erkek;27.08.1969;25.11.2023;498;498;498;498
44423;Raymond;Sweeney;Erkek;4.11.1938;10.11.2023;499;499;499;499
66048;Elizabeth;Weaver;Kadýn;23.02.1982;29.07.2023;500;500;500;500
38011;Marissa;Cunningham;Erkek;4.05.1994;13.01.2021;501;501;501;501
56444;Guy;Hester;Erkek;22.11.1998;29.11.2021;502;502;502;502
1615;Michael;Bowen;Erkek;11.09.1991;30.07.2021;503;503;503;503
46866;Carla;Houston;Erkek;6.08.1992;4.08.2022;504;504;504;504
82728;Theresa;Ingram;Erkek;7.02.2000;19.05.2021;505;505;505;505
50239;Donna;Watson;Kadýn;14.11.1934;29.06.2022;506;506;506;506
4121;Miranda;Williams;Erkek;26.06.1964;1.11.2021;507;507;507;507
18736;Matthew;Webb;Erkek;28.10.1960;18.06.2021;508;508;508;508
3637;Jessica;Snyder;Kadýn;5.09.1969;29.07.2020;509;509;509;509
98024;Dustin;Arnold;Erkek;18.07.1942;1.10.2022;510;510;510;510
49789;Amanda;Smith;Kadýn;28.05.1964;25.03.2020;511;511;511;511
91259;Benjamin;Singleton;Erkek;5.02.1938;1.12.2020;512;512;512;512
29619;John;Phelps;Erkek;10.06.1999;6.02.2020;513;513;513;513
55868;Karen;Nielsen;Erkek;29.09.1970;10.11.2022;514;514;514;514
47670;Joshua;Bailey;Erkek;3.10.1972;30.12.2020;515;515;515;515
20662;Sarah;Wilkins;Kadýn;22.01.1981;10.11.2022;516;516;516;516
6482;Karen;Ortiz;Erkek;9.12.2004;26.09.2023;517;517;517;517
56026;Anthony;Crawford;Erkek;10.12.1972;11.04.2022;518;518;518;518
47558;James;Carter;Kadýn;14.12.1983;8.06.2023;519;519;519;519
79063;Troy;Mueller;Erkek;12.12.1964;4.09.2022;520;520;520;520
49064;Tony;Mcdowell;Erkek;18.11.1946;31.03.2023;521;521;521;521
46455;Craig;Fernandez;Erkek;18.06.1974;16.03.2021;522;522;522;522
33202;Veronica;Duncan;Erkek;6.07.1984;16.04.2022;523;523;523;523
27788;Brittney;Payne;Erkek;1.01.1974;21.04.2022;524;524;524;524
50222;Kimberly;Good;Kadýn;9.11.1996;13.10.2022;525;525;525;525
94507;Ricky;Dominguez;Kadýn;1.09.2003;20.01.2021;526;526;526;526
1528;Melissa;Mitchell;Erkek;27.05.1958;21.10.2023;527;527;527;527
88190;John;Russell;Erkek;22.12.1956;3.11.2023;528;528;528;528
92201;Brian;Campbell;Kadýn;14.05.1968;25.10.2020;529;529;529;529
19680;Jackie;Smith;Kadýn;7.05.1973;16.08.2020;530;530;530;530
35452;Marco;Boyd;Erkek;8.10.1946;15.10.2021;531;531;531;531
29445;Deborah;Bolton;Erkek;10.10.2001;25.08.2020;532;532;532;532
1153;Shawn;Patterson;Kadýn;31.07.1990;12.12.2020;533;533;533;533
74925;Deborah;Fields;Kadýn;20.08.1995;18.06.2023;534;534;534;534
87577;Jennifer;Nelson;Kadýn;31.03.1959;14.10.2021;535;535;535;535
80802;Lisa;Crawford;Kadýn;25.03.1948;23.05.2023;536;536;536;536
76069;Mary;Wright;Kadýn;20.09.2003;25.11.2021;537;537;537;537
4057;Jocelyn;Hale;Erkek;29.09.1968;20.03.2023;538;538;538;538
45867;Renee;Nelson;Erkek;2.12.1967;20.09.2023;539;539;539;539
43458;Tina;Gomez;Kadýn;28.03.1935;16.09.2021;540;540;540;540
2650;Gerald;Velasquez;Kadýn;27.02.1938;4.10.2023;541;541;541;541
31932;Michael;Jones;Kadýn;20.10.1947;29.07.2022;542;542;542;542
1319;Allen;Murphy;Erkek;23.05.1953;28.10.2021;543;543;543;543
17886;Jimmy;Marquez;Erkek;10.12.1933;12.11.2022;544;544;544;544
31346;Ryan;Robinson;Erkek;10.01.1946;18.05.2022;545;545;545;545
53901;Tara;Smith;Erkek;3.04.1955;24.10.2022;546;546;546;546
21770;Eric;Barnett;Kadýn;11.08.1970;26.06.2023;547;547;547;547
78877;Alexis;Kline;Kadýn;5.04.1961;27.04.2023;548;548;548;548
24183;Marie;Mccarthy;Kadýn;26.03.1950;30.04.2022;549;549;549;549
74682;Mary;Aguilar;Erkek;3.11.1990;22.08.2020;550;550;550;550
27210;Pamela;Wilson;Kadýn;9.12.1955;4.04.2022;551;551;551;551
9731;Brooke;Escobar;Erkek;4.05.1949;15.12.2022;552;552;552;552
42674;Anna;Rodriguez;Kadýn;7.01.1980;20.07.2020;553;553;553;553
94458;Stacy;Hall;Erkek;1.09.1989;26.11.2020;554;554;554;554
74460;William;Glass;Kadýn;4.03.1998;18.01.2021;555;555;555;555
35738;Patrick;Gonzales;Erkek;13.07.1955;24.05.2023;556;556;556;556
75920;Melissa;Salazar;Erkek;18.03.1971;30.07.2022;557;557;557;557
22973;Phillip;Morgan;Kadýn;8.07.1985;15.04.2021;558;558;558;558
15166;John;Nunez;Erkek;21.12.1961;4.10.2022;559;559;559;559
70321;Brittany;Olson;Kadýn;4.03.1976;4.09.2020;560;560;560;560
82639;Nicole;Wheeler;Erkek;4.11.1974;2.02.2021;561;561;561;561
41087;Joshua;Le;Erkek;9.07.1960;4.02.2021;562;562;562;562
14857;Steven;Jones;Erkek;1.07.2004;29.04.2022;563;563;563;563
98410;Dylan;Morris;Kadýn;9.12.2005;14.04.2023;564;564;564;564
2111;Billy;Hines;Erkek;5.10.1977;24.05.2023;565;565;565;565
36338;Anthony;Price;Erkek;5.01.1948;18.07.2020;566;566;566;566
31946;Courtney;Keith;Kadýn;2.03.1975;14.11.2020;567;567;567;567
24121;Arthur;Garcia;Erkek;6.02.1997;30.03.2023;568;568;568;568
98434;Gina;Martin;Erkek;4.02.1992;28.06.2023;569;569;569;569
50509;Michael;Hall;Erkek;31.07.1973;22.04.2021;570;570;570;570
54343;Michelle;Thomas;Kadýn;15.12.1975;4.08.2020;571;571;571;571
29465;Karen;Stafford;Erkek;2.09.1966;4.07.2020;572;572;572;572
23687;Jessica;Bauer;Erkek;19.07.2004;29.03.2020;573;573;573;573
64406;Mitchell;Jackson;Kadýn;12.01.1957;4.06.2020;574;574;574;574
71930;Michael;Walsh;Erkek;18.09.1996;23.04.2022;575;575;575;575
70130;Thomas;Nolan;Erkek;30.09.1940;23.07.2021;576;576;576;576
6968;Frank;Bird;Erkek;15.05.2001;27.01.2020;577;577;577;577
63847;Penny;Baker;Kadýn;7.05.1944;7.04.2021;578;578;578;578
13234;David;Eaton;Kadýn;9.07.1953;12.12.2021;579;579;579;579
16778;Chelsea;Calhoun;Kadýn;21.12.1979;22.10.2020;580;580;580;580
33493;Heather;Lara;Erkek;11.03.1936;17.12.2022;581;581;581;581
43548;Danielle;Adams;Kadýn;19.04.1992;6.07.2020;582;582;582;582
4608;Erin;Walton;Erkek;27.05.1984;17.07.2022;583;583;583;583
43363;Wesley;Miller;Kadýn;22.01.1948;17.09.2023;584;584;584;584
85847;George;Washington;Kadýn;18.08.1956;1.01.2023;585;585;585;585
54755;Brent;Cochran;Erkek;9.01.1951;3.11.2022;586;586;586;586
18683;Kenneth;Thompson;Kadýn;21.06.1967;23.04.2020;587;587;587;587
65336;Susan;Dawson;Erkek;8.11.1944;26.02.2021;588;588;588;588
84029;Jason;Baker;Erkek;22.09.2000;8.03.2021;589;589;589;589
5909;Robert;Garcia;Kadýn;13.09.1955;18.10.2023;590;590;590;590
8874;Stephanie;Patterson;Kadýn;12.04.1978;14.02.2021;591;591;591;591
87674;Marcus;Levine;Erkek;1.02.1978;2.08.2022;592;592;592;592
17262;Adam;Cooper;Kadýn;3.04.2003;7.05.2020;593;593;593;593
88983;James;Sosa;Erkek;2.08.1990;29.07.2022;594;594;594;594
2471;Louis;Jackson;Kadýn;27.11.1960;28.09.2021;595;595;595;595
46918;Cathy;Faulkner;Kadýn;24.07.1993;29.06.2022;596;596;596;596
84498;Laura;Pham;Kadýn;28.01.1937;25.11.2023;597;597;597;597
60530;Carmen;Conner;Erkek;11.01.1940;29.04.2023;598;598;598;598
78145;Robert;Garcia;Kadýn;8.01.1996;31.10.2021;599;599;599;599
81287;Daniel;Norton;Erkek;17.06.2002;10.07.2021;600;600;600;600
89312;Richard;Davies;Erkek;31.12.1935;24.05.2022;601;601;601;601
15243;Jodi;Brown;Erkek;4.11.1958;4.08.2022;602;602;602;602
66508;Charles;Harris;Kadýn;21.10.1953;3.03.2023;603;603;603;603
30429;Anthony;Shields;Erkek;16.01.1983;6.03.2021;604;604;604;604
77096;Jessica;Henry;Kadýn;1.09.1947;3.10.2021;605;605;605;605
25485;Spencer;Parker;Erkek;25.01.1980;5.07.2021;606;606;606;606
71074;Joy;Evans;Kadýn;9.03.1956;27.07.2022;607;607;607;607
1554;Oscar;Weaver;Kadýn;21.06.1957;15.12.2022;608;608;608;608
98282;Roberto;Price;Kadýn;28.11.1961;7.12.2023;609;609;609;609
17306;Jean;Banks;Erkek;10.08.1933;9.07.2021;610;610;610;610
97053;David;Love;Kadýn;4.10.1990;10.01.2021;611;611;611;611
59012;Thomas;Wall;Erkek;12.09.1934;4.03.2023;612;612;612;612
37097;Todd;Burke;Kadýn;24.01.1955;28.01.2023;613;613;613;613
78807;Hannah;Walker;Erkek;23.11.1941;24.08.2021;614;614;614;614
99875;David;Bowers;Erkek;12.11.1985;3.05.2023;615;615;615;615
65204;Marissa;Carpenter;Kadýn;19.11.1995;30.11.2021;616;616;616;616
12355;Debra;Fry;Erkek;28.03.1938;27.06.2021;617;617;617;617
49069;Jennifer;Calderon;Erkek;12.07.1984;25.07.2020;618;618;618;618
50429;Matthew;Skinner;Kadýn;9.08.1977;19.06.2020;619;619;619;619
67407;Rachel;Rich;Erkek;11.02.1996;15.02.2023;620;620;620;620
91713;Bryan;Walker;Erkek;26.01.1938;3.11.2022;621;621;621;621
22999;Michael;Ramirez;Erkek;28.06.1943;29.03.2021;622;622;622;622
48165;David;Branch;Erkek;28.01.2001;16.01.2020;623;623;623;623
84493;Brittany;Perez;Kadýn;12.12.1990;26.03.2022;624;624;624;624
8393;Kristen;Hernandez;Kadýn;13.09.1981;2.10.2022;625;625;625;625
30945;David;Simmons;Erkek;2.01.1935;5.01.2020;626;626;626;626
83319;Daniel;Brooks;Kadýn;11.04.1939;12.02.2021;627;627;627;627
55650;Tanner;Ward;Erkek;5.03.1981;25.11.2020;628;628;628;628
73792;Peter;Miranda;Kadýn;27.04.1967;30.05.2020;629;629;629;629
93098;Andrew;Frederick;Erkek;17.07.2004;5.01.2020;630;630;630;630
52702;Christina;York;Kadýn;26.01.2003;3.01.2023;631;631;631;631
56816;Brett;Lane;Erkek;7.09.1955;28.12.2021;632;632;632;632
11402;Tara;Sanders;Kadýn;26.09.1969;14.04.2021;633;633;633;633
50993;Laura;Trujillo;Erkek;4.03.1977;8.10.2022;634;634;634;634
6521;Robert;Woods;Kadýn;26.11.1945;28.11.2023;635;635;635;635
72516;Nicole;Ortiz;Erkek;23.04.1956;25.10.2023;636;636;636;636
58126;Michelle;Chen;Erkek;19.06.1939;27.10.2022;637;637;637;637
75135;Vanessa;Clark;Erkek;12.08.1943;17.08.2022;638;638;638;638
45464;Erin;Rivera;Erkek;20.08.1944;18.11.2023;639;639;639;639
26992;Paul;Nunez;Kadýn;26.08.1968;14.11.2020;640;640;640;640
10629;Stephen;Edwards;Kadýn;10.11.1980;31.03.2020;641;641;641;641
37564;Carolyn;Brewer;Kadýn;20.07.1941;13.07.2020;642;642;642;642
20114;Ivan;Duran;Erkek;8.06.1974;26.03.2020;643;643;643;643
88674;Katherine;Todd;Kadýn;17.06.1937;1.03.2020;644;644;644;644
9929;Elizabeth;Contreras;Erkek;6.07.1933;12.04.2021;645;645;645;645
37694;Michelle;Carlson;Erkek;4.09.1962;18.09.2022;646;646;646;646
72124;Ryan;Martin;Erkek;20.06.1966;25.11.2021;647;647;647;647
32982;Michelle;Burton;Kadýn;7.05.1955;19.08.2021;648;648;648;648
48411;Kimberly;Gates;Kadýn;7.03.2003;19.12.2021;649;649;649;649
33241;Sara;Wells;Erkek;8.04.1952;31.01.2021;650;650;650;650
8528;Debbie;Harris;Erkek;7.09.1989;9.06.2023;651;651;651;651
13316;Zachary;Crosby;Kadýn;30.01.1957;27.10.2023;652;652;652;652
85765;Philip;Kennedy;Kadýn;10.03.1972;31.12.2021;653;653;653;653
5705;Kerri;Fernandez;Erkek;16.02.1972;29.11.2021;654;654;654;654
90597;Angela;Pena;Erkek;11.02.1947;15.05.2022;655;655;655;655
31015;Kristina;Murray;Erkek;19.07.1985;11.06.2023;656;656;656;656
89371;Elaine;Robinson;Erkek;18.05.1955;11.11.2020;657;657;657;657
54529;Jeffrey;Vargas;Kadýn;1.09.1955;8.12.2021;658;658;658;658
33772;Carol;Daniel;Erkek;16.01.1979;22.10.2021;659;659;659;659
63247;Ruth;Howard;Erkek;16.04.1998;23.10.2023;660;660;660;660
23255;James;Small;Kadýn;7.08.1957;24.04.2022;661;661;661;661
6025;Jasmine;Young;Erkek;1.09.1995;30.11.2020;662;662;662;662
49655;Michael;Reed;Kadýn;27.05.1933;30.11.2022;663;663;663;663
34920;Cynthia;Jenkins;Kadýn;4.08.1988;17.05.2022;664;664;664;664
69503;Michael;Martinez;Erkek;11.02.1966;3.11.2023;665;665;665;665
64895;Patricia;Mcdonald;Erkek;22.12.1967;12.07.2020;666;666;666;666
91842;Samuel;Moore;Kadýn;18.08.2005;17.01.2022;667;667;667;667
929;Teresa;Pham;Erkek;6.08.2001;8.10.2023;668;668;668;668
30841;Christopher;Harris;Kadýn;16.08.2000;20.11.2021;669;669;669;669
67580;Robert;Obrien;Kadýn;30.01.1934;22.03.2022;670;670;670;670
28870;Jennifer;Marshall;Erkek;16.03.1941;17.11.2021;671;671;671;671
91421;Larry;Miller;Kadýn;11.09.1947;9.12.2023;672;672;672;672
92053;Jack;Hartman;Kadýn;2.04.1965;27.08.2022;673;673;673;673
91951;Pamela;Chavez;Erkek;12.02.1974;25.10.2021;674;674;674;674
73892;Kevin;Thompson;Erkek;7.11.1962;3.09.2020;675;675;675;675
27704;Megan;Jacobs;Kadýn;22.01.1956;20.07.2023;676;676;676;676
60270;Brittany;Martinez;Erkek;7.12.1939;24.03.2020;677;677;677;677
14749;Elizabeth;Lewis;Erkek;2.02.1989;27.01.2023;678;678;678;678
24826;Amanda;Williamson;Kadýn;6.06.1985;30.05.2020;679;679;679;679
68277;John;Chavez;Erkek;29.06.1968;12.05.2020;680;680;680;680
66545;Margaret;Petty;Kadýn;7.10.1994;15.11.2020;681;681;681;681
3340;Scott;Cooper;Erkek;25.08.1948;26.09.2022;682;682;682;682
4462;Mary;Rogers;Erkek;5.02.1945;3.01.2023;683;683;683;683
25320;Gregory;Macdonald;Kadýn;20.06.1936;14.03.2020;684;684;684;684
10405;Monique;Johnson;Erkek;23.04.1994;14.03.2020;685;685;685;685
21295;Jacob;Rodriguez;Erkek;6.06.1941;2.08.2022;686;686;686;686
7101;Tony;Morris;Kadýn;3.07.1981;3.01.2022;687;687;687;687
91040;Kristin;Pittman;Erkek;7.05.1992;3.02.2020;688;688;688;688
19600;Emily;Mcdaniel;Kadýn;29.09.1966;3.12.2020;689;689;689;689
75258;Eric;Pratt;Kadýn;21.05.1962;6.09.2020;690;690;690;690
53946;Anthony;Hudson;Kadýn;14.05.1981;22.03.2021;691;691;691;691
48450;Jasmine;Sanders;Erkek;5.05.1986;15.08.2021;692;692;692;692
63149;Matthew;Thompson;Erkek;10.08.1964;18.05.2023;693;693;693;693
86131;Edward;Mccoy;Kadýn;12.02.1980;21.05.2023;694;694;694;694
50938;Deborah;Lowery;Kadýn;26.06.1983;26.04.2021;695;695;695;695
16552;David;Swanson;Erkek;11.12.1933;10.03.2021;696;696;696;696
86818;Dean;Martinez;Erkek;28.03.1973;27.08.2021;697;697;697;697
89409;Amy;Rodriguez;Kadýn;27.05.1954;24.12.2021;698;698;698;698
94135;Angela;Diaz;Kadýn;31.05.1961;22.05.2020;699;699;699;699
30863;Gavin;Moses;Erkek;13.11.2005;15.08.2020;700;700;700;700
90465;Edward;Pope;Erkek;8.04.1983;12.08.2021;701;701;701;701
5402;Steven;Miller;Kadýn;23.04.1961;16.12.2022;702;702;702;702
56163;Benjamin;Davis;Erkek;15.04.1940;7.09.2020;703;703;703;703
36674;Sonya;Brown;Kadýn;19.04.1953;26.06.2023;704;704;704;704
51365;Danielle;Hernandez;Kadýn;9.01.1972;13.05.2022;705;705;705;705
36607;David;Stuart;Erkek;8.02.2003;12.02.2021;706;706;706;706
65670;Rodney;Mercado;Erkek;21.03.1957;29.07.2020;707;707;707;707
71415;Diana;Miller;Kadýn;15.09.2005;23.02.2020;708;708;708;708
22315;Caleb;Donovan;Kadýn;17.01.1949;12.07.2021;709;709;709;709
4101;Amanda;Cruz;Erkek;11.04.1952;12.09.2022;710;710;710;710
42814;Alice;Patterson;Erkek;2.10.2005;12.09.2023;711;711;711;711
4233;Cory;Ross;Erkek;29.10.1959;1.06.2021;712;712;712;712
85256;Denise;Thomas;Erkek;22.10.1962;27.03.2020;713;713;713;713
17335;Sheri;Johnston;Kadýn;8.01.1989;15.09.2020;714;714;714;714
3277;Justin;Kramer;Erkek;20.09.1982;16.07.2022;715;715;715;715
57456;William;Bailey;Erkek;2.03.1942;30.10.2021;716;716;716;716
79477;Ashley;Brown;Erkek;17.03.1943;7.06.2021;717;717;717;717
99201;Mitchell;Hall;Erkek;21.10.1996;22.03.2020;718;718;718;718
79077;Mark;Woods;Kadýn;7.06.1960;11.11.2022;719;719;719;719
56826;Riley;Oneill;Kadýn;3.06.1964;29.05.2022;720;720;720;720
41235;Tanya;Smith;Kadýn;27.05.1982;18.06.2022;721;721;721;721
30117;Scott;Bell;Erkek;14.07.1944;8.05.2020;722;722;722;722
15104;Brenda;Coleman;Erkek;27.04.1990;24.03.2020;723;723;723;723
2620;Daniel;Graham;Kadýn;10.12.1943;3.08.2020;724;724;724;724
928;Becky;Davis;Kadýn;8.01.1933;3.12.2020;725;725;725;725
30137;Kevin;Oneill;Erkek;3.07.1975;14.04.2022;726;726;726;726
50119;Levi;Kent;Erkek;15.07.1978;28.08.2020;727;727;727;727
81788;Kendra;Green;Kadýn;26.12.1990;6.02.2022;728;728;728;728
19455;Jenna;Howell;Erkek;11.04.1956;17.05.2021;729;729;729;729
36699;Jason;Frazier;Kadýn;28.08.1992;5.12.2021;730;730;730;730
87044;Tonya;Rojas;Erkek;28.07.1985;2.05.2023;731;731;731;731
16754;Robert;Tanner;Kadýn;31.03.1957;1.07.2021;732;732;732;732
25744;Joseph;Ross;Erkek;6.02.1982;6.11.2021;733;733;733;733
31289;Michael;Johnson;Erkek;19.06.1964;14.10.2021;734;734;734;734
57291;Patricia;Burnett;Erkek;22.05.1937;2.09.2021;735;735;735;735
9994;Brian;Wilson;Kadýn;24.10.1938;9.04.2021;736;736;736;736
43099;William;Vazquez;Erkek;21.04.1959;13.01.2020;737;737;737;737
54757;Matthew;Cooper;Kadýn;4.09.1947;14.08.2023;738;738;738;738
51134;Michael;Kirk;Kadýn;30.10.1959;6.07.2022;739;739;739;739
1588;Leslie;Turner;Erkek;28.10.1995;10.07.2020;740;740;740;740
58690;Lisa;Robles;Erkek;24.07.1977;22.06.2021;741;741;741;741
44300;Luis;Gonzalez;Kadýn;14.02.1973;15.02.2023;742;742;742;742
47718;Eric;James;Kadýn;23.04.1993;26.08.2022;743;743;743;743
70257;Julie;Harris;Erkek;13.08.1978;2.04.2022;744;744;744;744
62821;Jeremy;Lewis;Erkek;15.03.1949;30.04.2022;745;745;745;745
64663;Laura;Dougherty;Kadýn;2.12.1971;14.12.2023;746;746;746;746
74616;Katherine;Thompson;Erkek;19.12.1997;19.07.2022;747;747;747;747
23210;Thomas;Torres;Erkek;27.05.1990;18.05.2023;748;748;748;748
56608;Kendra;Hall;Erkek;30.01.1976;5.11.2020;749;749;749;749
78686;Lawrence;Moore;Erkek;19.07.1995;23.09.2023;750;750;750;750
86102;Ronnie;Mayer;Kadýn;30.07.1990;3.06.2023;751;751;751;751
9757;Amber;King;Erkek;10.08.1959;1.03.2020;752;752;752;752
577;Nancy;Jones;Erkek;6.05.1933;20.07.2020;753;753;753;753
41524;Brittany;Griffin;Erkek;28.08.1957;23.12.2021;754;754;754;754
19007;Timothy;Butler;Erkek;22.10.1970;25.08.2022;755;755;755;755
10601;Herbert;Thompson;Erkek;5.02.1963;13.07.2022;756;756;756;756
51931;Patricia;Holland;Erkek;14.05.1939;16.04.2022;757;757;757;757
3808;Sean;Matthews;Kadýn;29.12.1955;14.04.2022;758;758;758;758
44924;Javier;Cox;Erkek;24.07.1938;29.05.2022;759;759;759;759
61453;Christopher;Simpson;Erkek;16.06.1988;22.09.2023;760;760;760;760
46519;Bradley;Guzman;Kadýn;21.07.1944;10.01.2020;761;761;761;761
69127;Natasha;Holt;Erkek;5.11.1936;1.10.2020;762;762;762;762
43972;Christina;Vargas;Kadýn;20.08.1955;25.09.2022;763;763;763;763
29534;Matthew;Miranda;Erkek;11.03.1945;5.04.2021;764;764;764;764
31955;Donna;Garner;Erkek;22.07.1978;6.12.2020;765;765;765;765
36488;Keith;Weaver;Erkek;24.07.1975;15.07.2021;766;766;766;766
26790;Christina;Jones;Erkek;21.06.1936;6.05.2020;767;767;767;767
16852;Michael;Bell;Kadýn;7.06.1995;21.08.2022;768;768;768;768
41340;Kimberly;Harmon;Erkek;23.12.1955;13.08.2020;769;769;769;769
25413;Wendy;Wilkins;Kadýn;28.06.1935;17.09.2021;770;770;770;770
43827;Michael;Reese;Kadýn;12.11.1954;28.11.2021;771;771;771;771
6567;Angela;Bautista;Erkek;11.04.1982;27.05.2020;772;772;772;772
25396;Harry;Espinoza;Erkek;26.11.1953;2.07.2023;773;773;773;773
34464;Christina;Sheppard;Kadýn;11.07.1964;15.08.2020;774;774;774;774
37667;Brittany;Blake;Kadýn;29.12.1975;15.04.2021;775;775;775;775
51499;Tammy;Bowers;Kadýn;3.05.1945;31.07.2023;776;776;776;776
24529;Mark;Johnson;Erkek;25.07.1978;26.12.2022;777;777;777;777
79484;Earl;Ashley;Erkek;3.10.2002;28.04.2022;778;778;778;778
91819;Keith;Guzman;Kadýn;7.06.2004;28.01.2021;779;779;779;779
28692;Mark;Santos;Kadýn;1.12.1944;18.12.2022;780;780;780;780
82745;Michael;Armstrong;Erkek;31.10.1982;8.01.2022;781;781;781;781
90795;Cameron;Casey;Erkek;11.11.1981;12.02.2021;782;782;782;782
25585;Thomas;Castro;Erkek;10.07.1958;16.02.2022;783;783;783;783
248;Ronnie;Campbell;Erkek;23.09.2003;25.12.2021;784;784;784;784
24909;Robert;Carlson;Erkek;5.04.1973;24.05.2020;785;785;785;785
50720;Michael;Lambert;Kadýn;18.06.1985;9.02.2023;786;786;786;786
86326;Amy;Larsen;Erkek;2.09.1961;17.03.2021;787;787;787;787
19208;Joseph;Mccoy;Erkek;4.04.1936;28.11.2021;788;788;788;788
84532;Denise;Poole;Kadýn;28.02.1963;17.01.2021;789;789;789;789
10531;Chad;Jones;Erkek;17.11.1966;17.01.2022;790;790;790;790
61690;Don;Thompson;Kadýn;11.08.1958;9.08.2020;791;791;791;791
29448;Sarah;Henderson;Kadýn;28.07.1963;4.02.2021;792;792;792;792
27231;Erica;Brandt;Erkek;5.03.1990;14.11.2021;793;793;793;793
52633;Colleen;Greer;Erkek;24.11.1990;25.09.2023;794;794;794;794
34193;Christopher;Gonzalez;Kadýn;10.01.1970;28.01.2021;795;795;795;795
36601;Patrick;Arnold;Kadýn;28.06.1968;22.04.2023;796;796;796;796
18412;Patrick;Carter;Erkek;21.09.2004;29.06.2022;797;797;797;797
37886;Mary;Campbell;Erkek;15.01.1995;12.01.2023;798;798;798;798
791;David;Lam;Kadýn;20.12.2000;13.07.2022;799;799;799;799
43927;Jonathan;King;Kadýn;18.06.2003;29.12.2022;800;800;800;800
65672;Angelica;Lee;Erkek;18.06.2001;18.01.2021;801;801;801;801
47382;Jennifer;Evans;Kadýn;19.05.2005;2.07.2023;802;802;802;802
95850;Gina;Castro;Kadýn;15.04.1955;28.06.2021;803;803;803;803
8202;Christian;Vasquez;Kadýn;4.10.2002;30.11.2020;804;804;804;804
38112;Ruth;Torres;Kadýn;11.09.1948;26.06.2023;805;805;805;805
37043;Ernest;Patterson;Erkek;14.08.1936;22.01.2021;806;806;806;806
90818;Philip;Farrell;Kadýn;26.08.1981;1.04.2021;807;807;807;807
20648;Elizabeth;Vasquez;Kadýn;16.11.1979;3.11.2023;808;808;808;808
34718;Maria;Bowen;Erkek;27.08.1990;30.12.2021;809;809;809;809
40354;Adam;Allen;Kadýn;30.12.1966;11.02.2020;810;810;810;810
80883;Jesse;Washington;Erkek;26.06.1957;19.04.2022;811;811;811;811
25924;Courtney;Lopez;Kadýn;18.11.1944;21.12.2021;812;812;812;812
18310;Mark;Gonzalez;Erkek;15.08.1972;7.08.2020;813;813;813;813
8231;James;Vaughn;Erkek;26.03.1937;5.05.2022;814;814;814;814
33968;Lindsay;Villanueva;Kadýn;21.06.1977;23.02.2022;815;815;815;815
35670;John;Martin;Erkek;28.09.1993;28.09.2022;816;816;816;816
83330;Matthew;Pierce;Erkek;27.08.1947;11.08.2020;817;817;817;817
7572;Erik;Martinez;Kadýn;24.10.1943;20.05.2020;818;818;818;818
90218;Gary;Long;Kadýn;14.04.1934;19.10.2021;819;819;819;819
22331;Mary;Hancock;Kadýn;10.10.1986;24.02.2023;820;820;820;820
85761;Jennifer;Hines;Erkek;25.04.1946;1.10.2020;821;821;821;821
81286;George;Fisher;Kadýn;26.07.1986;24.01.2023;822;822;822;822
94478;Jerry;Flowers;Erkek;15.11.1991;29.03.2021;823;823;823;823
45130;Julia;Friedman;Erkek;21.10.1977;11.07.2021;824;824;824;824
30591;Anthony;Ross;Kadýn;19.07.1973;29.03.2022;825;825;825;825
19689;Justin;Sparks;Erkek;27.09.1972;3.11.2020;826;826;826;826
98917;Stephen;Gilbert;Kadýn;4.07.1973;8.07.2020;827;827;827;827
59252;Marisa;Flores;Erkek;15.10.2001;22.03.2023;828;828;828;828
16994;Jonathan;Russo;Erkek;19.01.1975;22.02.2021;829;829;829;829
70495;Tyler;Mcclain;Erkek;1.04.1948;28.12.2022;830;830;830;830
46739;James;Hawkins;Kadýn;15.11.1978;13.06.2021;831;831;831;831
31517;Heather;Mclean;Erkek;21.08.1952;31.03.2020;832;832;832;832
16155;Marcus;Young;Erkek;18.04.1956;19.11.2022;833;833;833;833
4377;Spencer;Wang;Erkek;29.04.1983;3.06.2020;834;834;834;834
87666;Jennifer;Sharp;Erkek;9.06.1947;4.03.2020;835;835;835;835
55040;David;Maxwell;Erkek;9.08.2003;26.12.2021;836;836;836;836
25261;Jennifer;Walker;Erkek;23.10.1936;7.12.2020;837;837;837;837
98850;Nicole;Waters;Kadýn;13.06.1971;13.01.2020;838;838;838;838
68724;Ashley;Oconnor;Erkek;26.07.1944;26.12.2020;839;839;839;839
97708;Barbara;Bean;Kadýn;8.05.1974;12.05.2020;840;840;840;840
59118;Dylan;Rhodes;Erkek;23.01.1966;24.12.2020;841;841;841;841
52570;Kathryn;Pham;Kadýn;22.12.1956;4.06.2021;842;842;842;842
33211;Tyrone;Smith;Kadýn;5.10.1986;26.02.2023;843;843;843;843
2893;Richard;Bell;Erkek;28.05.1937;29.10.2021;844;844;844;844
79278;Robert;Sharp;Erkek;3.04.1955;26.03.2021;845;845;845;845
33194;Wendy;Meyers;Kadýn;9.10.1966;3.03.2020;846;846;846;846
74834;Mariah;Massey;Kadýn;8.04.1936;29.03.2021;847;847;847;847
60670;Ethan;Williams;Erkek;20.02.1997;17.05.2022;848;848;848;848
49937;Jill;King;Kadýn;5.08.1987;27.12.2022;849;849;849;849
11821;Amanda;Huff;Erkek;4.09.1961;10.08.2021;850;850;850;850
35654;Logan;Wilson;Kadýn;28.06.1952;13.09.2020;851;851;851;851
19632;Joseph;Carlson;Kadýn;25.08.1958;17.01.2023;852;852;852;852
91537;Taylor;Bailey;Erkek;5.02.1960;2.08.2021;853;853;853;853
2126;Jessica;Miller;Kadýn;21.02.1957;2.05.2021;854;854;854;854
81232;Catherine;Herrera;Kadýn;15.07.1987;17.02.2021;855;855;855;855
43808;Jennifer;Thompson;Erkek;8.12.1954;21.10.2023;856;856;856;856
10508;Suzanne;Bailey;Erkek;11.09.1986;13.01.2020;857;857;857;857
19450;Evelyn;Holloway;Erkek;3.01.1970;19.05.2021;858;858;858;858
77348;Adam;Davis;Erkek;9.12.1946;4.02.2020;859;859;859;859
61051;Charles;Ramirez;Erkek;4.04.1999;13.05.2022;860;860;860;860
78587;Jordan;Bailey;Erkek;19.02.1943;1.01.2021;861;861;861;861
15332;Evan;Smith;Erkek;22.02.1955;12.01.2022;862;862;862;862
72372;Tiffany;Martin;Kadýn;10.05.1948;30.07.2021;863;863;863;863
18066;Kelly;Ramsey;Erkek;9.10.1942;20.08.2022;864;864;864;864
21596;Leah;James;Kadýn;13.03.1950;7.01.2022;865;865;865;865
57064;Christine;Vaughn;Kadýn;6.06.1991;13.12.2020;866;866;866;866
47128;Michael;Jones;Erkek;19.09.1934;26.04.2021;867;867;867;867
68613;Nancy;Rodriguez;Kadýn;19.06.1986;12.02.2020;868;868;868;868
11292;Jason;Thompson;Kadýn;2.01.1980;11.02.2020;869;869;869;869
13783;Tanya;West;Kadýn;29.06.1940;23.03.2023;870;870;870;870
99280;Michelle;Peterson;Erkek;21.07.1956;23.12.2021;871;871;871;871
27336;Laura;Evans;Kadýn;20.07.1985;1.04.2020;872;872;872;872
2533;Phillip;Barnes;Kadýn;15.05.1989;2.10.2021;873;873;873;873
97686;Darlene;Jackson;Erkek;9.02.1999;2.05.2022;874;874;874;874
10493;Jonathan;Walker;Erkek;17.10.1971;28.02.2022;875;875;875;875
42754;Ruben;Hall;Erkek;12.02.1990;14.07.2022;876;876;876;876
43729;Austin;Smith;Erkek;21.09.1999;1.11.2022;877;877;877;877
23655;Sarah;Calderon;Kadýn;29.07.1947;27.06.2021;878;878;878;878
32135;Patrick;Lee;Erkek;25.05.1942;18.02.2022;879;879;879;879
9878;Christopher;Campbell;Kadýn;3.12.1994;20.08.2020;880;880;880;880
76400;Rita;Bell;Erkek;26.10.1947;12.05.2022;881;881;881;881
23928;Nathan;Ferguson;Erkek;6.10.1972;4.07.2020;882;882;882;882
52837;Shane;Lindsey;Erkek;22.07.2004;2.04.2021;883;883;883;883
80810;Zachary;Harris;Kadýn;11.02.1974;17.02.2021;884;884;884;884
45879;Robert;Garcia;Kadýn;2.06.1957;18.01.2020;885;885;885;885
77302;Lori;Johnson;Kadýn;17.07.1972;23.02.2020;886;886;886;886
14463;Joseph;Trevino;Kadýn;14.07.1956;22.12.2021;887;887;887;887
20681;Jessica;Camacho;Kadýn;19.05.1942;12.06.2022;888;888;888;888
51524;Matthew;Flynn;Erkek;20.05.1947;15.03.2021;889;889;889;889
43711;James;Wilson;Kadýn;3.03.1948;1.06.2023;890;890;890;890
69840;Kimberly;Morales;Kadýn;12.12.1968;4.03.2020;891;891;891;891
37516;David;Estrada;Kadýn;7.08.1938;11.07.2022;892;892;892;892
40921;Chelsea;Baker;Kadýn;9.12.1990;2.09.2022;893;893;893;893
18605;Jeffrey;Ramsey;Erkek;12.02.1933;28.10.2023;894;894;894;894
80962;John;Black;Kadýn;4.04.1935;24.06.2021;895;895;895;895
82842;Matthew;Ingram;Erkek;5.03.1953;11.02.2022;896;896;896;896
79295;Christopher;Orozco;Kadýn;17.01.1947;7.01.2022;897;897;897;897
81477;Daniel;Clay;Erkek;18.01.1977;14.03.2022;898;898;898;898
376;Matthew;Guerra;Kadýn;5.06.1981;1.02.2021;899;899;899;899
3035;Kelly;Dunn;Erkek;22.07.1997;16.04.2022;900;900;900;900
29454;Charles;Weber;Kadýn;11.01.1960;7.02.2020;901;901;901;901
61971;Aaron;Clark;Kadýn;26.10.1981;1.05.2023;902;902;902;902
57786;Roger;Peterson;Erkek;3.06.1969;22.12.2022;903;903;903;903
76085;Nicholas;Knight;Kadýn;24.04.1955;31.07.2023;904;904;904;904
37958;Chris;Mullins;Erkek;16.07.1941;13.08.2022;905;905;905;905
43048;Paula;Bates;Kadýn;1.05.1976;28.02.2021;906;906;906;906
26973;Roy;Harper;Kadýn;29.08.1940;24.06.2021;907;907;907;907
1465;Michelle;Clark;Erkek;23.07.1964;22.05.2023;908;908;908;908
82524;Michelle;Aguilar;Kadýn;3.12.1973;17.11.2020;909;909;909;909
80049;Brenda;Hess;Kadýn;29.03.1937;19.03.2022;910;910;910;910
69655;Kirsten;Lynch;Kadýn;24.06.1976;8.02.2020;911;911;911;911
95310;April;Williamson;Kadýn;23.04.1977;1.06.2022;912;912;912;912
59751;Mike;Vargas;Kadýn;17.04.1976;19.07.2023;913;913;913;913
29649;Charles;Sanders;Kadýn;27.12.1964;6.10.2022;914;914;914;914
47519;Randall;Ford;Erkek;3.08.1968;26.03.2022;915;915;915;915
53090;Amanda;Adams;Erkek;7.02.1943;21.01.2020;916;916;916;916
60761;Diane;Simpson;Erkek;6.12.1979;7.03.2022;917;917;917;917
74557;Christina;Scott;Erkek;24.12.1982;31.05.2023;918;918;918;918
56913;Debbie;Martin;Erkek;3.06.2001;23.08.2021;919;919;919;919
77120;Robert;Richards;Kadýn;30.03.1981;5.10.2021;920;920;920;920
88790;Robin;Johns;Erkek;23.06.1988;27.03.2021;921;921;921;921
85359;Kelsey;Young;Kadýn;17.05.1995;24.01.2023;922;922;922;922
35700;Amy;Neal;Erkek;22.11.1954;12.11.2023;923;923;923;923
58771;Ashley;Shaw;Erkek;15.10.1983;18.10.2022;924;924;924;924
23044;Lisa;Smith;Kadýn;11.02.1977;19.07.2021;925;925;925;925
78958;Wayne;Alvarado;Erkek;27.12.1992;3.06.2022;926;926;926;926
48780;Terry;Gonzales;Erkek;21.03.1990;2.10.2022;927;927;927;927
18122;Jamie;Campbell;Kadýn;9.01.1991;29.11.2020;928;928;928;928
66417;Heidi;Cross;Kadýn;5.05.1949;21.02.2021;929;929;929;929
42904;Robert;Cook;Erkek;24.08.2004;17.03.2023;930;930;930;930
20020;Tracy;Doyle;Kadýn;11.10.1958;27.02.2020;931;931;931;931
6970;Kelsey;Walsh;Kadýn;13.03.1956;20.02.2022;932;932;932;932
2236;Erica;Jacobson;Erkek;28.05.1973;17.09.2020;933;933;933;933
42187;John;Hess;Erkek;8.09.1975;12.01.2022;934;934;934;934
15458;Rachel;Boyd;Kadýn;4.07.2003;3.02.2020;935;935;935;935
67399;Sally;Lopez;Erkek;27.06.1974;28.07.2022;936;936;936;936
70040;Courtney;Price;Kadýn;10.11.1947;7.10.2020;937;937;937;937
9252;Phillip;Jordan;Erkek;4.05.2005;20.06.2022;938;938;938;938
97402;Jose;Shaw;Erkek;28.11.1968;22.05.2021;939;939;939;939
79359;Maria;Hudson;Erkek;18.11.1983;1.06.2020;940;940;940;940
48608;Todd;Stark;Kadýn;16.05.1966;19.05.2021;941;941;941;941
13833;Samantha;Banks;Erkek;23.10.1970;18.08.2021;942;942;942;942
36745;Gary;Robinson;Kadýn;16.09.2000;18.02.2020;943;943;943;943
7909;Darrell;Roberts;Erkek;28.06.1957;26.08.2023;944;944;944;944
75669;Susan;Morales;Erkek;20.06.1988;27.08.2023;945;945;945;945
14122;Kevin;Bell;Erkek;19.02.1974;7.01.2022;946;946;946;946
41293;Dustin;Wyatt;Erkek;2.05.2000;14.12.2021;947;947;947;947
60687;Victoria;Fry;Erkek;14.09.1938;27.06.2023;948;948;948;948
57170;Tara;Franklin;Erkek;13.08.1968;23.06.2021;949;949;949;949
59090;Ashley;Welch;Kadýn;9.09.1961;29.09.2020;950;950;950;950
46198;Henry;Miles;Kadýn;15.03.1995;24.03.2021;951;951;951;951
44032;Matthew;Price;Kadýn;25.12.1942;15.08.2021;952;952;952;952
12291;Leonard;Orr;Erkek;13.11.1969;22.09.2020;953;953;953;953
85603;Todd;Arnold;Erkek;20.01.1935;4.09.2020;954;954;954;954
12133;Dustin;Payne;Erkek;6.07.1967;27.08.2022;955;955;955;955
8446;Madison;Myers;Erkek;17.07.1950;31.07.2020;956;956;956;956
23963;Amanda;Le;Kadýn;8.02.2004;12.07.2023;957;957;957;957
14919;Perry;Moore;Kadýn;9.05.1944;28.01.2022;958;958;958;958
40838;Nathan;King;Kadýn;12.09.1977;5.05.2020;959;959;959;959
42362;William;Ho;Erkek;6.12.1978;17.08.2020;960;960;960;960
48017;Suzanne;Whitney;Kadýn;23.08.2005;9.05.2021;961;961;961;961
94849;Carol;Williams;Erkek;2.05.1965;10.06.2022;962;962;962;962
13542;Sherry;Kirby;Erkek;12.10.1964;5.07.2023;963;963;963;963
65992;Thomas;Wise;Kadýn;24.12.1975;15.07.2023;964;964;964;964
68811;Ethan;Bates;Erkek;24.05.2002;19.05.2020;965;965;965;965
10087;Benjamin;Graves;Erkek;11.09.1955;11.09.2023;966;966;966;966
30911;Phillip;Stanley;Erkek;15.07.2004;13.03.2023;967;967;967;967
86882;Steven;Monroe;Kadýn;2.11.1938;11.08.2020;968;968;968;968
15121;Michael;Simmons;Erkek;9.07.1953;27.03.2023;969;969;969;969
47666;Emma;Wade;Kadýn;2.12.1984;4.12.2023;970;970;970;970
26134;Nicole;Smith;Erkek;26.03.1976;8.02.2021;971;971;971;971
86598;Randy;Cisneros;Kadýn;25.09.1953;30.06.2022;972;972;972;972
1076;Shane;Diaz;Erkek;24.07.1969;9.11.2021;973;973;973;973
78612;Deanna;Solomon;Erkek;4.05.1968;19.04.2021;974;974;974;974
35914;Robin;Brennan;Kadýn;11.03.1938;11.08.2021;975;975;975;975
65145;Susan;Wilson;Kadýn;22.12.1952;17.09.2021;976;976;976;976
82621;Debbie;Brandt;Erkek;12.03.1972;5.04.2021;977;977;977;977
53855;Jason;Cooley;Kadýn;4.04.1945;6.02.2020;978;978;978;978
29827;Adam;Silva;Erkek;17.03.1972;30.10.2020;979;979;979;979
28691;Veronica;Fox;Erkek;12.04.1954;4.08.2023;980;980;980;980
44732;Megan;Le;Erkek;28.06.1982;23.01.2022;981;981;981;981
50333;Brianna;Brown;Kadýn;12.06.1993;28.03.2022;982;982;982;982
79728;Brandi;Dalton;Kadýn;20.08.1976;27.05.2022;983;983;983;983
68378;Craig;Kelley;Erkek;30.03.1984;9.12.2021;984;984;984;984
98162;Steve;Thompson;Kadýn;11.06.1999;15.04.2021;985;985;985;985
87862;Erin;Butler;Kadýn;8.07.1984;16.10.2022;986;986;986;986
2833;Christina;Galvan;Erkek;24.12.1987;27.11.2021;987;987;987;987
57261;Michael;Williams;Erkek;12.08.1982;27.09.2023;988;988;988;988
72845;Theresa;Henry;Erkek;15.09.1949;26.02.2022;989;989;989;989
652;Becky;Sanchez;Kadýn;1.06.1942;20.03.2022;990;990;990;990
44700;Michelle;Stevenson;Erkek;22.08.1946;7.04.2023;991;991;991;991
66600;James;Ortiz;Kadýn;17.02.2002;28.05.2023;992;992;992;992
